id,name
jorge-alberto-ramos-rivera,Jorge Alberto Ramos Rivera
corina-dolores-alvarado-lagos,Corina Dolores Alvarado Lagos
allan-wilmer-aguiriano,Allan Wilmer Aguiriano
alberto-chedrani-castaneda,Alberto Chedrani Castañeda
maria-emerita-bardales-hernandez,María Emerita Bardales Hernández
agapito-alexander-rodriguez-escobar,Agapito Alexander Rodríguez Escobar
marisabel-del-carmen-ferrufino-flores,Marisabel del Carmen Ferrufino Flores
marco-antonio-andino-flores,Marco Antonio Andino Flores
juan-carlos-valenzuela-molina,Juan Carlos Valenzuela Molina
juan-carlos-martinez,Juan Carlos Martínez
carlos-ramon-aguilar-guifarro,Carlos Ramón Aguilar Guifarro
mauricio-oliva-herrera,Mauricio Oliva Herrera
jose-juan-rivera-ramos,José Juan Rivera Ramos
marlon-guillermo-lara-orellana,Marlon Guillermo Lara Orellana
sonia-argentina-fajardo-regalado,Sonia Argentina Fajardo Regalado
miguel-fernando-ruiz-rapalo,Miguel Fernando Ruíz Rápalo
margarita-dabdoud-sikafi,Margarita Dabdoud  Sikafi
jesus-dagoberto-perdomo-chavez,Jesús Dagoberto Perdomo Chávez
german-edgardo-leitzelar-vidaurreta,German Edgardo Leitzelar Vidaurreta
ever-onan-hernandez-lazo,Ever Onan Hernández Lazo
lena-karyn-gutierrez-arevalo,Lena Karyn Gutiérrez Arévalo
elvis-edgardo-lemus-espana,Elvis Edgardo Lemus España
victoria-carrasco-garcia,Victoria Carrasco García
rodanin-peralta-estrada,Rodanin Peralta Estrada
perla-simons-morales,Perla Simons Morales
jose-vivian-portillo-ramirez,José Vivian Portillo Ramírez
brenda-mercedes-flores-serrano,Brenda Mercedes Flores Serrano
jose-francisco-rivera-hernandez,José Francisco Rivera Hernández
cesar-enrique-handal-fernandez,César Enrique Handal Fernández
gladis-aurora-lopez-calderon,Gladis Aurora López Calderón
santos-seferino-duran-aguilar,Santos Seferino Durán Aguilar
yaudet-burbara-canahuati,Yaudet Burbara Canahuati
agustin-german-lagos,Agustín German Lagos
yury-cristhian-sabas-gutierrez,Yury Cristhian Sabas Gutiérrez
sara-ismela-medina-galo,Sara Ismela Medina Galo
carlos-alfredo-lara-watson,Carlos Alfredo Lara Watson
leonel-alejandro-giannini-espinal,Leonel Alejandro Giannini Espinal
walter-antonio-chavez-hernandez,Walter Antonio Chávez Hernández
luis-berrios-segovia,Luís Berrios Segovia
olman-danery-maldonado,Olman Danery Maldonado
alba-nora-gunera-osorio,Alba Nora Gúnera Osorio
edwin-roberto-pavon-leon,Edwin Roberto Pavón León
jose-teofilo-enamorado-carcamo,José Teofilo Enamorado Cárcamo
marco-antonio-gosselin-andrade,Marco Antonio Gosselin Andrade
yessenia-coely-zelaya-galeas,Yessenia Coely Zelaya Galeas
armando-calidonio-alvarado,Armando Calidonio Alvarado
elden-vasquez,Elden Vásquez
abraham-kafati-diaz,Abraham Kafati Díaz
abraham-alvarenga-urbina,Abraham Alvarenga Urbina
reinaldo-antonio-sanchez-rivera,Reinaldo Antonio  Sanchez Rivera
deysy-isabel-suazo-maradiaga,Deysy Isabel Suazo Maradiaga
juan-ramon-velasquez-nazar,Juan Ramón Velásquez Nazar
daniela-del-carmen-reynaud-reyes,Daniela del Carmen Reynaud Reyes
fredy-omar-chavarria-castillo,Fredy Omar Chavarría Castillo
fredy-espinoza-mondragon,Fredy Espinoza Mondragón
juan-jose-ordonez,Juan José Ordóñez
jorge-mauricio-gutierrez-collins,Jorge Mauricio Gutiérrez Collins
jorge-alberto-elvir-cruz,Jorge Alberto Elvir Cruz
juan-bautista-alvarenga-caceres,Juan Bautista Alvarenga Cáceres
nahin-urbina-urtecho,Nahín  Urbina Urtecho
juan-francisco-argenal-espinal,Juan Francisco Argeñal Espinal
claudio-roberto-perdomo-interiano,Claudio Roberto Perdomo Interiano
rodolfo-irias-navas,Rodolfo Irías Navas
milton-jesus-puerto-oseguera,Milton Jesús Puerto Oseguera
wilfredo-bustillo-castellanos,Wilfredo Bustillo Castellanos
eliseo-noel-mejia-castillo,Eliseo Noel Mejía Castillo
mario-edgardo-segura-aroca,Mario Edgardo Segura Aroca
wenceslao-lara-orellana,Wenceslao Lara Orellana
francis-carolina-rodriguez-vasquez,Francis Carolina Rodríguez Vásquez
jose-angel-herrera-barahona,José Ángel Herrera Barahona
maylo-wood-granwell,Maylo Wood Granwell
jose-oswaldo-ramos-soto,José Oswaldo Ramos Soto
jairo-benito-castellanos-nunez,Jairo Benito Castellanos Núñez
carlos-roberto-guevara-velasquez,Carlos Roberto Guevara Velásquez
mario-ernesto-rivera-vasquez,Mario Ernesto Rivera Vásquez
jeffrey-alexander-flores-cavaria,Jeffrey Alexander Flores Cavaría
sergio-arturo-castellanos,Sergio Arturo Castellanos
ramiro-adalid-chacon-ferrufino,Ramiro Adalid Chacón Ferrufino
rodimiro-mejia-merino,Rodimiro Mejía Merino
norma-araceli-aguilar-chacon,Norma Araceli Aguilar Chacón
oscar-emilio-cruz-pineda,Oscar Emilio Cruz Pineda
daniel-flores-velasquez,Daniel Flores Velásquez
maria-bertilia-zepeda-lagos,María Bertilia Zepeda Lagos
salvador-valeriano-pineda,Salvador Valeriano Pineda
erick-ricardo-amador-aguilera,Erick Ricardo Amador Aguilera
sadia-yarardin-argueta-hernandez,Sadia Yarardín Argueta Hernández
sandra-evelin-figueroa-banegas,Sandra Evelin Figueroa Banegas
denis-roberto-velasquez-yanes,Denis Roberto Velásquez Yanes
lorenza-del-carmen-aguilar-galeano,Lorenza del Carmen Aguilar Galeano
enrique-orlando-cano-palma,Enrique Orlando Cano Palma
gary-ramon-maradiaga-soriano,Gary Ramón Maradiaga Soriano
fredy-renan-najera-montoya,Fredy Renán Nájera Montoya
anibal-alejandro-barrow-maradiaga,Aníbal Alejandro Barrow Maradiaga
juan-carlos-ribot-font,Juan Carlos Ribot Font
oscar-orlando-burgos,Oscar Orlando Burgos
julio-cesar-nolasco-bautista,Julio César Nolasco Bautista
raul-edgardo-cerna-sinclair,Raúl Edgardo Cerna Sinclair
salvador-videsmundo-cabrera-reyes,Salvador Videsmundo Cabrera Reyes
martha-concepcion-figueroa-torrez,Martha Concepción Figueroa Torrez
samuel-martinez-duron,Samuel Martínez Durón
francisca-canales-amador,Francisca Canales Amador
jose-tomas-zambrano-molina,José Tomas Zambrano Molina
elman-joel-sandoval-sabonge,Elman Joel Sandoval Sabonge
raul-edgardo-bulnes-barahona,Raúl Edgardo Bulnes Barahona
maria-teresa-chavez-lezama,María Teresa Chávez Lezama
ana-julia-garcia-villalobos,Ana Julia García Villalobos
lilia-edna-orellana-flores,Lilia Edna Orellana Flores
augusto-domingo-cruz-asensio,Augusto Domingo Cruz Asensio
mario-guillermo-aguilar-izaguirre,Mario Guillermo Aguilar Izaguirre
miguel-angel-gamez,Miguel Ángel Gámez
norma-haydee-calderon-arias,Norma Haydee Calderón Arias
santos-david-betancourt,Santos David Betancourt
rigoberto-chang-castillo,Rigoberto Chang Castillo
hugo-ricardo-hernandez,Hugo Ricardo Hernández
francisco-amilcar-zavala-reyes,Francisco Amílcar Zavala Reyes
juan-ramon-morales-turcios,Juan Ramón Morales Turcios
elvin-fredys-diaz-lopez,Elvin Fredys Díaz López
lisandro-mauricio-arias-aquino,Lisandro Mauricio Arias Aquino
roxana-geraldina-gonzalez,Roxana Geraldina González
maynor-huberto-pinto-valle,Maynor Huberto Pinto Valle
roberto-hawit-medrano,Roberto Hawit Medrano
orle-anibal-solis-meraz,Orle Aníbal Solís Meráz
luis-javier-menocal-funes,Luís Javier Menocal Funes
gonzalo-antonio-rivera,Gonzalo Antonio  Rivera
adela-palacios-iraches,Adela Palacios Iraches
maria-oneyda-aleman-vasquez,María Oneyda Alemán Vásquez
norman-alberto-galeano-mendez,Norman Alberto Galeano Méndez
gustavo-alberto-perez-cruz,Gustavo Alberto Pérez Cruz
jose-armando-cerros-chavez,José Armando Cerros Chávez
roman-villeda-aguilar,Román Villeda Aguilar
gonzalo-jose-rivera-medrano,Gonzalo José Rivera Medrano
mario-alexander-barahona-martinez,Mario Alexander Barahona Martínez
jose-simon-azcona-bocock,José Simón Azcona Bocock
mario-alonso-perez-lopez,Mario Alonso Pérez López
jose-rodolfo-zelaya-portillo,José Rodolfo Zelaya Portillo
roberto-gamez-panchame,Roberto Gámez Panchamé
bessy-dorila-rivera-burgos,Bessy Dorila Rivera Burgos
carlos-humberto-bonilla-aguiriano,Carlos Humberto Bonilla Aguiriano
alexis-danilo-trejo-hernandez,Alexis Danilo Trejo Hernández
ramon-eudoro-chacon-cruz,Ramón Eudoro Chacón Cruz
ricardo-antonio-diaz-aceituno,Ricardo Antonio Díaz Aceituno
jose-arnulfo-lopez,José Arnulfo López
mario-alfredo-pinel-rosales,Mario Alfredo Pinel Rosales
rafael-orlando-monge-reyes,Rafael Orlando Monge Reyes
jose-rosendo-munoz-trochez,José Rosendo Muñoz Tróchez
osman-danilo-aguilar-ponce,Osman Danilo Aguilar Ponce
gladys-bernarda-casco-cruz,Gladys Bernarda Casco Cruz
dennis-lisandro-mejia-zelaya,Dennis Lisandro Mejía Zelaya
carlos-antonio-martinez-zepeda,Carlos Antonio Martínez Zepeda
santos-rolando-ramos-salgado,Santos Rolando Ramos Salgado
hector-guillermo-guillen-gomez,Héctor Guillermo Guillén Gómez
marcio-junior-vega-pinto,Marcio Junior Vega Pinto
roger-danilo-alcantara-perez,Roger Danilo Alcántara Pérez
cesar-nicolas-alegria-mercado,César Nicolás Alegría Mercado
rolando-dubon-bueso,Rolando Dubón Bueso
hector-dario-martinez-soliz,Héctor Darío Martínez Soliz
marta-luisa-chavez-aguilar,Marta Luisa Chávez Aguilar
consuelo-bautista-diaz,Consuelo Bautista Díaz
jose-toribio-aguilera-coello,José Toribio Aguilera Coello
midence-oqueli-martinez-turcios,Midence Oquelí Martínez Turcios
dermis-carolina-c-nol-amaya,Dermis Carolina C-Nol Amaya
juan-carlos-molina-puerto,Juan Carlos Molina Puerto
marcia-facusse-andonie,Marcia Facussé Andonie
erick-mauricio-rodriguez-navarrete,Erick Mauricio Rodríguez Navarrete
jose-naun-gamez-carcamo,José Naún Gámez Cárcamo
juan-carlos-morales-pacheco,Juan Carlos Morales Pacheco
juan-matamoros-torres,Juan Matamoros Torres
jose-angel-saavedra-posadas,José Ángel Saavedra Posadas
gilliam-guifarro-montes-de-oca,Gilliam Guifarro Montes de Oca
miguel-edgardo-segura,Miguel Edgardo  Segura
dennis-antonio-sanchez-fernandez,Dennis Antonio Sánchez Fernández
angel-dario-banegas-leiva,Ángel Darío Banegas Leiva
ramon-antonio-leva-bulnes,Ramón Antonio  Leva Bulnes
juan-fernando-lobo-pineda,Juan Fernando Lobo Pineda
ana-aminta-madrid-paz,Ana Aminta Madrid Paz
marvin-ponce-sauceda,Marvin Ponce Sauceda
enrique-rodriguez-burchard,Enrique Rodríguez Burchard
edgardo-pineda-madrid,Edgardo Pineda Madrid
carlos-alejandro-hernandez-soto,Carlos Alejandro Hernández Soto
jose-maria-martinez-valenzuela,José María Martínez Valenzuela
carmen-vasquez,Carmen  Vásquez
carmen-esperanza-rivera-pagoaga,Carmen Esperanza Rivera Pagoaga
yadira-esperanza-bendana-flores,Yadira Esperanza Bendaña Flores
donaldo-ernesto-reyes-avelar,Donaldo Ernesto Reyes Avelar
jose-tomas-ponce-posas,José Tomás Ponce Posas
george-romeo-silvestri-ferez,George Romeo Silvestri Férez
sandra-abelina-garcia-salgado,Sandra Abelina García Salgado
lidia-rosa-rodriguez-baca,Lidia Rosa Rodríguez Baca
victor-hugo-zuniga-arias,Víctor Hugo Zúñiga Arias
hipolita-graciela-rodriguez,Hipólita Graciela Rodríguez
manuel-ivan-fiallos-rodas,Manuel Iván Fiallos Rodas
eleazar-alexander-juarez-sarabia,Eleazar Alexander Juárez Sarabia
juana-esperanza-mejia-bonilla,Juana Esperanza Mejía Bonilla
selvin-efrain-lainez-villa,Selvin Efraín Laínez Villa
luis-rigoberto-santos-portillo,Luís Rigoberto Santos Portillo
rossel-renan-inestroza-hernandez,Rossel Renán Inestroza Hernández
juan-orlando-hernandez-alvarado,Juan Orlando Hernandez Alvarado
arturo-suarez-moya,Arturo Suárez Moya
antonia-arrechavala-tamsin,Antonia Arrechavala Tamsin
feisal-musa-canahuati-gabrie,Feisal Musa Canahuati Gabrie
jose-rene-osorio-mejia,José René Osorio Mejía
santos-catalino-canales-zelaya,Santos Catalino Canales Zelaya
mario-ulises-bustamante-carcomo,Mario Ulises Bustamante Carcomo
jariet-waldina-paz,Jariet Waldina Paz
francis-javier-hernandez,Francis Javier Hernández
valentin-suarez-osejo,Valentín Suárez Osejo
jose-celin-discua-elvir,José Celín Discua Elvir
oscar-arturo-alvarez-guerrero,Oscar Arturo Alvarez Guerrero
julio-cesar-gamez-interiano,Julio César Gámez Interiano
jose-alfredo-saavedra-paz,José Alfredo Saavedra Paz
marcio-rene-espinal-cardona,Marcio René Espinal Cardona
maria-aracely-leiva-pena,María Aracely Leiva Peña
felipe-zuniga-del-cid,Felipe Zúniga del Cid
miguel-angel-arita-paz,Miguel Ángel Arita Paz
marco-antonio-handal-cubero,Marco Antonio Handal Cubero
jose-vicente-leon-rojas,José Vicente León Rojas
oscar-ramon-najera,Oscar Ramón Nájera
yani-benjamin-rosenthal-hidalgo,Yani Benjamín Rosenthal Hidalgo
sandra-elizabeth-bardales-torres,Sandra Elizabeth Bardales Torres
welsy-milena-vasquez-lopez,Welsy Milena Vásquez López
victor-rolando-sabillon-sabillon,Víctor Rolando Sabillón Sabillón
reina-emperatriz-flores,Reina Emperatriz Flores
jorge-humberto-pinto-portillo,Jorge Humberto Pinto Portillo
antonio-cesar-rivera-callejas,Antonio César Rivera Callejas
lorena-enriqueta-herrera-estevez,Lorena Enriqueta Herrera Estévez
delmy-aracely-ordonez-hernandez,Delmy Aracely Ordóñez Hernández
fabian-discua-carranza,Fabián Discua Carranza
gerardo-antonio-mata,Gerardo Antonio Mata
nasry-juan-asfura,Nasry Juan  Asfura
