id,name,given_name,family_name,gender
5268,Miloslava Vostrá,Miloslava,Vostrá,female
5971,Igor Svoják,Igor,Svoják,male
5942,Václav Kubata,Václav,Kubata,male
346,Petr Bendl,Petr,Bendl,male
5947,Marie Nedvědová,Marie,Nedvědová,female
5462,Jan Hamáček,Jan,Hamáček,male
5916,Alena Hanáková,Alena,Hanáková,female
5937,Lenka Kohoutová,Lenka,Kohoutová,female
5932,Radek John,Radek,John,male
5899,Jan Bureš,Jan,Bureš,male
5922,Jitka Chalánková,Jitka,Chalánková,female
5891,Pavel Antonín,Pavel,Antonín,male
5444,Jan Babor,Jan,Babor,male
5984,Ivana Weberová,Ivana,Weberová,female
5261,Jiří Dolejš,Jiří,Dolejš,male
5957,Anna Putnová,Anna,Putnová,female
5516,Tomáš Úlehla,Tomáš,Úlehla,male
386,Stanislav Křeček,Stanislav,Křeček,male
5472,Jiří Krátký,Jiří,Krátký,male
5486,Ivan Ohlídal,Ivan,Ohlídal,male
5982,David Vodrážka,David,Vodrážka,male
5273,Jiří Pospíšil,Jiří,Pospíšil,male
401,Miroslava Němcová,Miroslava,Němcová,female
305,Miroslav Grebeníček,Miroslav,Grebeníček,male
5282,Josef Šenfeld,Josef,Šenfeld,male
5898,Ludmila Bubeníková,Ludmila,Bubeníková,female
5459,Radim Fiala,Radim,Fiala,male
5990,Jana Fischerová,Jana,Fischerová,female
5342,Robin Böhnisch,Robin,Böhnisch,male
6003,Miroslav Petráň,Miroslav,Petráň,male
5915,Martin Gregora,Martin,Gregora,male
5768,Vojtěch Adam,Vojtěch,Adam,male
5453,František Dědič,František,Dědič,male
5294,Petr Zgarba,Petr,Zgarba,male
5487,Jiří Petrů,Jiří,Petrů,male
5970,Jana Suchá,Jana,Suchá,female
5924,Tomáš Chalupa,Tomáš,Chalupa,male
5900,Václav Cempírek,Václav,Cempírek,male
237,Bohuslav Sobotka,Bohuslav,Sobotka,male
5931,Radim Jirout,Radim,Jirout,male
5901,Josef Cogan,Josef,Cogan,male
5490,Pavel Ploc,Pavel,Ploc,male
5272,Václav Votava,Václav,Votava,male
5989,Václav Zemek,Václav,Zemek,male
5975,Jiří Štětina,Jiří,Štětina,male
252,Lubomír Zaorálek,Lubomír,Zaorálek,male
5909,Jan Farský,Jan,Farský,male
5456,Richard Dolejš,Richard,Dolejš,male
5895,Pavel Bém,Pavel,Bém,male
5938,Květa Matušovská,Květa,Matušovská,female
5948,Josef Nekl,Josef,Nekl,male
5307,Alexander Černý,Alexander,Černý,male
5297,Michal Hašek,Michal,Hašek,male
5943,Helena Langšádlová,Helena,Langšádlová,female
5987,Jiří Zemánek,Jiří,Zemánek,male
5476,František Laudát,František,Laudát,male
5902,Jan Čechlovský,Jan,Čechlovský,male
5445,Zdeněk Boháč,Zdeněk,Boháč,male
354,Karel Černý,Karel,Černý,male
5933,David Kádner,David,Kádner,male
5953,Jan Pajer,Jan,Pajer,male
5905,Jaromír Drábek,Jaromír,Drábek,male
5908,Jaroslav Eček,Jaroslav,Eček,male
5959,Aleš Roztočil,Aleš,Roztočil,male
345,Walter Bartoš,Walter,Bartoš,male
6113,Igor Jakubčík,Igor,Jakubčík,male
5992,Josef Novotný st.,Josef,Novotný st.,male
392,Jaroslav Lobkowicz,Jaroslav,Lobkowicz,male
5322,Miroslav Opálka,Miroslav,Opálka,male
5310,Antonín Seďa,Antonín,Seďa,male
6008,Jan Kubata,Jan,Kubata,male
5379,Jan Bauer,Jan,Bauer,male
5950,Václav Neubauer,Václav,Neubauer,male
5964,Jiří Skalický,Jiří,Skalický,male
5301,David Šeich,David,Šeich,male
5946,Dagmar Navrátilová,Dagmar,Navrátilová,female
68,Václav Klučka,Václav,Klučka,male
5469,Gabriela Kalábková,Gabriela,Kalábková,female
5919,Václav Horáček,Václav,Horáček,male
5945,Jaroslav Martinů,Jaroslav,Martinů,male
5461,Milada Halíková,Milada,Halíková,female
5944,Pavol Lukša,Pavol,Lukša,male
5508,Václav Šlajs,Václav,Šlajs,male
5966,Petr Skokan,Petr,Skokan,male
5501,František Sivera,František,Sivera,male
5954,Karolína Peake,Karolína,Peake,female
5976,Milan Šťovíček,Milan,Šťovíček,male
5512,Boris Šťastný,Boris,Šťastný,male
5978,Martin Vacek,Martin,Vacek,male
5893,Vít Bárta,Vít,Bárta,male
5460,Dana Filipi,Dana,Filipi,female
5965,Roman Sklenák,Roman,Sklenák,male
5890,Lenka Andrýsová,Lenka,Andrýsová,female
5972,Bořivoj Šarapatka,Bořivoj,Šarapatka,male
5906,Jana Drastichová,Jana,Drastichová,female
5279,Jaroslav Krákora,Jaroslav,Krákora,male
5300,Václav Mencl,Václav,Mencl,male
5290,Soňa Marková,Soňa,Marková,female
5969,Zbyněk Stanjura,Zbyněk,Stanjura,male
5974,Jiří Šlégr,Jiří,Šlégr,male
415,Pavel Suchánek,Pavel,Suchánek,male
5911,Jaroslav Foldyna,Jaroslav,Foldyna,male
5819,Jan Husák,Jan,Husák,male
5934,Jan Klán,Jan,Klán,male
5507,Ladislav Šincl,Ladislav,Šincl,male
5925,Rudolf Chlad,Rudolf,Chlad,male
5859,Jiří Šulc,Jiří,Šulc,male
5313,Vladimír Koníček,Vladimír,Koníček,male
5384,Jiří Paroubek,Jiří,Paroubek,male
6124,Petr Benda,Petr,Benda,male
5955,Gabriela Pecková,Gabriela,Pecková,female
280,Jan Vidím,Jan,Vidím,male
4778,Stanislav Grospič,Stanislav,Grospič,male
5958,Jana Kaslová,Jana,Kaslová,female
5296,Marie Rusová,Marie,Rusová,female
422,Milan Urban,Milan,Urban,male
5766,Miroslav Jeník,Miroslav,Jeník,male
5903,Jana Černochová,Jana,Černochová,female
5866,Ladislav Velebný,Ladislav,Velebný,male
5506,Karel Šidlo,Karel,Šidlo,male
5402,Vítězslav Jandák,Vítězslav,Jandák,male
5940,Rom Kostřica,Rom,Kostřica,male
5433,Jiří Koskuba,Jiří,Koskuba,male
5473,Jaroslav Krupka,Jaroslav,Krupka,male
5446,Pavel Bohatec,Pavel,Bohatec,male
5961,Ivana Řápková,Ivana,Řápková,female
5941,Patricie Kotalíková,Patricie,Kotalíková,female
5960,Adam Rykala,Adam,Rykala,male
366,Pavel Hojda,Pavel,Hojda,male
5963,Jaroslava Schejbalová,Jaroslava,Schejbalová,female
269,Jiří Papež,Jiří,Papež,male
5967,Jan Smutný,Jan,Smutný,male
5505,Pavel Svoboda,Pavel,Svoboda,male
5513,Jeroným Tejc,Jeroným,Tejc,male
5951,Jiří Oliva,Jiří,Oliva,male
5917,Leoš Heger,Leoš,Heger,male
235,Ladislav Skopal,Ladislav,Skopal,male
5956,Stanislav Polčák,Stanislav,Polčák,male
5949,Vít Němeček,Vít,Němeček,male
122,Hana Orgoníková,Hana,Orgoníková,female
5897,Zdeněk Bezecný,Zdeněk,Bezecný,male
5985,Jaroslava Wenigerová,Jaroslava,Wenigerová,female
5447,Vlasta Bohdalová,Vlasta,Bohdalová,female
5935,Kateřina Klasnová,Kateřina,Klasnová,female
5918,Pavel Holík,Pavel,Holík,male
5980,Roman Váňa,Roman,Váňa,male
6095,Petr Holeček,Petr,Holeček,male
5986,Renáta Witoszová,Renáta,Witoszová,female
5926,Jan Chvojka,Jan,Chvojka,male
5979,Dana Váhalová,Dana,Váhalová,female
5914,Petr Gazdík,Petr,Gazdík,male
5321,Kateřina Konečná,Kateřina,Konečná,female
6096,Václav Koubík,Václav,Koubík,male
5317,Alfréd Michalík,Alfréd,Michalík,male
5936,Kristýna Kočí,Kristýna,Kočí,female
5962,Marta Semelová,Marta,Semelová,female
5930,Ladislav Jirků,Ladislav,Jirků,male
377,Miroslav Kalousek,Miroslav,Kalousek,male
5477,Vladimíra Lesenská,Vladimíra,Lesenská,female
5920,Gabriela Hubáčková,Gabriela,Hubáčková,female
5495,Aleš Rádl,Aleš,Rádl,male
5983,Radim Vysloužil,Radim,Vysloužil,male
5973,Jaroslav Škárka,Jaroslav,Škárka,male
5991,Josef Novotný,Josef,Novotný,male
261,Zdeňka Horníková,Zdeňka,Horníková,female
5292,Miroslav Váňa,Miroslav,Váňa,male
5894,Václav Baštýř,Václav,Baštýř,male
5406,David Rath,David,Rath,male
5993,Jiří Rusnok,Jiří,Rusnok,male
5952,Viktor Paggio,Viktor,Paggio,male
5311,Josef Smýkal,Josef,Smýkal,male
6097,Roman Pekárek,Roman,Pekárek,male
4,Marek Benda,Marek,Benda,male
5270,Petr Braný,Petr,Braný,male
5977,Josef Tancoš,Josef,Tancoš,male
410,Břetislav Petr,Břetislav,Petr,male
340,Vlasta Parkanová,Vlasta,Parkanová,female
5904,Josef Dobeš,Josef,Dobeš,male
5968,Pavel Staněk,Pavel,Staněk,male
5921,Stanislav Huml,Stanislav,Huml,male
5274,Ivana Levá,Ivana,Levá,female
5981,Jaroslav Vandas,Jaroslav,Vandas,male
5375,Jozef Kochan,Jozef,Kochan,male
5907,Pavel Drobil,Pavel,Drobil,male
5485,František Novosad,František,Novosad,male
5255,Miroslav Svoboda,Miroslav,Svoboda,male
5999,Miroslava Strnadlová,Miroslava,Strnadlová,female
5892,Michal Babák,Michal,Babák,male
356,Michal Doktor,Michal,Doktor,male
216,Petr Hulinský,Petr,Hulinský,male
5896,Jiří Besser,Jiří,Besser,male
5910,Jan Florián,Jan,Florián,male
5939,Daniel Korte,Daniel,Korte,male
5415,Cyril Zapletal,Cyril,Zapletal,male
312,Zuzka Bebarová Rujbrová,Zuzka,Bebarová Rujbrová,female
6098,Miroslav Bernášek,Miroslav,Bernášek,male
5520,Vladislav Vilímec,Vladislav,Vilímec,male
273,Jaroslav Plachý,Jaroslav,Plachý,male
309,Pavel Kováčik,Pavel,Kováčik,male
5923,Otto Chaloupka,Otto,Chaloupka,male
5928,Michal Janek,Michal,Janek,male
5558,Karel Schwarzenberg,Karel,Schwarzenberg,male
303,Vojtěch Filip,Vojtěch,Filip,male
111,Petr Nečas,Petr,Nečas,male
