id,name,given_name,family_name,gender
6240,Karel Tureček,Karel,Tureček,male
5520,Vladislav Vilímec,Vladislav,Vilímec,male
6268,Vlastimil Gabrhel,Vlastimil,Gabrhel,male
5307,Alexander Černý,Alexander,Černý,male
6215,Roman Kubíček,Roman,Kubíček,male
6208,Simeon Karamazov,Simeon,Karamazov,male
5957,Anna Putnová,Anna,Putnová,female
6153,Martin Sedlář,Martin,Sedlář,male
6211,Martin Kolovratník,Martin,Kolovratník,male
5940,Rom Kostřica,Rom,Kostřica,male
5844,Jan Zahradník,Jan,Zahradník,male
422,Milan Urban,Milan,Urban,male
6142,Daniel Herman,Daniel,Herman,male
5282,Josef Šenfeld,Josef,Šenfeld,male
68,Václav Klučka,Václav,Klučka,male
6182,Jan Birke,Jan,Birke,male
5922,Jitka Chalánková,Jitka,Chalánková,female
6213,Jiří Koubek,Jiří,Koubek,male
6169,Jiří Valenta,Jiří,Valenta,male
6159,Josef Zahradníček,Josef,Zahradníček,male
6002,Jiří Běhounek,Jiří,Běhounek,male
5989,Václav Zemek,Václav,Zemek,male
377,Miroslav Kalousek,Miroslav,Kalousek,male
5962,Marta Semelová,Marta,Semelová,female
5490,Pavel Ploc,Pavel,Ploc,male
6232,Lukáš Pleticha,Lukáš,Pleticha,male
6134,Tomáš Jan Podivínský,Tomáš Jan,Podivínský,male
5960,Adam Rykala,Adam,Rykala,male
6193,Ivan Gabal,Ivan,Gabal,male
6149,Hana Aulická Jírovcová,Hana,Aulická Jírovcová,female
6225,Jana Pastuchová,Jana,Pastuchová,female
6233,Ivo Pojezný,Ivo,Pojezný,male
6292,Pavla Golasowská,Pavla,Golasowská,female
6202,Jaroslava Jermanová,Jaroslava,Jermanová,female
346,Petr Bendl,Petr,Bendl,male
5718,Jiří Zlatuška,Jiří,Zlatuška,male
467,František Adámek,František,Adámek,male
6229,Miloš Petera,Miloš,Petera,male
6198,Jaroslav Holík,Jaroslav,Holík,male
305,Miroslav Grebeníček,Miroslav,Grebeníček,male
6195,Jana Hnyková,Jana,Hnyková,female
5955,Gabriela Pecková,Gabriela,Pecková,female
6214,Věra Kovářová,Věra,Kovářová,female
5917,Leoš Heger,Leoš,Heger,male
252,Lubomír Zaorálek,Lubomír,Zaorálek,male
5433,Jiří Koskuba,Jiří,Koskuba,male
6177,Margita Balaštíková,Margita,Balaštíková,female
5310,Antonín Seďa,Antonín,Seďa,male
5487,Jiří Petrů,Jiří,Petrů,male
6206,Zuzana Kailová,Zuzana,Kailová,female
6184,Richard Brabec,Richard,Brabec,male
6007,Bohuslav Svoboda,Bohuslav,Svoboda,male
6152,Miloslav Bačiak,Miloslav,Bačiak,male
6279,Leo Luzar,Leo,Luzar,male
6212,Petr Kořenek,Petr,Kořenek,male
5933,David Kádner,David,Kádner,male
5999,Miroslava Strnadlová,Miroslava,Strnadlová,female
6228,Marie Pěnčíková,Marie,Pěnčíková,female
5462,Jan Hamáček,Jan,Hamáček,male
6179,Ondřej Benešík,Ondřej,Benešík,male
5290,Soňa Marková,Soňa,Marková,female
6203,Věra Jourová,Věra,Jourová,female
6144,Pavel Šrámek,Pavel,Šrámek,male
6160,Markéta Wernerová,Markéta,Wernerová,female
6223,Alena Nohavová,Alena,Nohavová,female
6136,Marie Benešová,Marie,Benešová,female
6158,Karel Rais,Karel,Rais,male
5991,Josef Novotný,Josef,Novotný,male
5920,Gabriela Hubáčková,Gabriela,Hubáčková,female
6201,Miloslav Janulík,Miloslav,Janulík,male
6235,Roman Procházka,Roman,Procházka,male
6219,Jana Lorencová,Jana,Lorencová,female
6180,Martina Berdychová,Martina,Berdychová,female
5926,Jan Chvojka,Jan,Chvojka,male
6140,Martin Komárek,Martin,Komárek,male
5979,Dana Váhalová,Dana,Váhalová,female
6192,Matěj Fichtner,Matěj,Fichtner,male
5447,Vlasta Bohdalová,Vlasta,Bohdalová,female
6155,Jiří Zimola,Jiří,Zimola,male
6154,Marek Ženíšek,Marek,Ženíšek,male
6246,Josef Kott,Josef,Kott,male
6190,Jaroslav Faltýnek,Jaroslav,Faltýnek,male
6210,Jaroslav Klaška,Jaroslav,Klaška,male
6161,Rostislav Vyzula,Rostislav,Vyzula,male
6170,Josef Uhlík,Josef,Uhlík,male
6162,Vlastimil Vozka,Vlastimil,Vozka,male
6224,Zdeněk Ondráček,Zdeněk,Ondráček,male
5969,Zbyněk Stanjura,Zbyněk,Stanjura,male
5897,Zdeněk Bezecný,Zdeněk,Bezecný,male
6217,Petr Kudela,Petr,Kudela,male
392,Jaroslav Lobkowicz,Jaroslav,Lobkowicz,male
6288,Zuzana Šánová,Zuzana,Šánová,female
6181,Adolf Beznoska,Adolf,Beznoska,male
5934,Jan Klán,Jan,Klán,male
6239,Lubomír Toufar,Lubomír,Toufar,male
6141,Olga Havlová,Olga,Havlová,female
5939,Daniel Korte,Daniel,Korte,male
5909,Jan Farský,Jan,Farský,male
5948,Josef Nekl,Josef,Nekl,male
5313,Vladimír Koníček,Vladimír,Koníček,male
5507,Ladislav Šincl,Ladislav,Šincl,male
6209,David Kasal,David,Kasal,male
5980,Roman Váňa,Roman,Váňa,male
312,Zuzka Bebarová Rujbrová,Zuzka,Bebarová Rujbrová,female
6205,Marian Jurečka,Marian,Jurečka,male
5314,Ludvík Hovorka,Ludvík,Hovorka,male
5914,Petr Gazdík,Petr,Gazdík,male
5269,Jan Mládek,Jan,Mládek,male
6186,Marek Černoch,Marek,Černoch,male
5268,Miloslava Vostrá,Miloslava,Vostrá,female
6113,Igor Jakubčík,Igor,Jakubčík,male
5975,Jiří Štětina,Jiří,Štětina,male
5322,Miroslav Opálka,Miroslav,Opálka,male
5866,Ladislav Velebný,Ladislav,Velebný,male
5459,Radim Fiala,Radim,Fiala,male
354,Karel Černý,Karel,Černý,male
5965,Roman Sklenák,Roman,Sklenák,male
4,Marek Benda,Marek,Benda,male
6188,René Číp,René,Číp,male
6105,Tomio Okamura,Tomio,Okamura,male
6147,Markéta Adamová,Markéta,Adamová,female
6187,Pavel Čihák,Pavel,Čihák,male
5502,Václav Snopek,Václav,Snopek,male
5911,Jaroslav Foldyna,Jaroslav,Foldyna,male
6237,Zdeněk Soukup,Zdeněk,Soukup,male
6185,Milan Brázdil,Milan,Brázdil,male
6156,Kristýna Zelienková,Kristýna,Zelienková,female
5918,Pavel Holík,Pavel,Holík,male
6146,Petr Adam,Petr,Adam,male
6157,Jaroslav Zavadil,Jaroslav,Zavadil,male
5903,Jana Černochová,Jana,Černochová,female
5456,Richard Dolejš,Richard,Dolejš,male
6194,Pavel Havíř,Pavel,Havíř,male
6151,Miloš Babiš,Miloš,Babiš,male
6231,Ivan Pilný,Ivan,Pilný,male
6245,Jan Sobotka,Jan,Sobotka,male
6221,Radka Maxová,Radka,Maxová,female
6138,Pavel Bělobrádek,Pavel,Bělobrádek,male
5297,Michal Hašek,Michal,Hašek,male
5476,František Laudát,František,Laudát,male
6172,Ladislav Okleštěk,Ladislav,Okleštěk,male
6227,Herbert Pavera,Herbert,Pavera,male
6074,Petr Fiala,Petr,Fiala,male
5990,Jana Fischerová,Jana,Fischerová,female
6173,Pavlína Nytrová,Pavlína,Nytrová,female
5768,Vojtěch Adam,Vojtěch,Adam,male
6226,Jan Sedláček,Jan,Sedláček,male
6216,Michal Kučera,Michal,Kučera,male
6196,Jiří Holeček,Jiří,Holeček,male
6150,Andrej Babiš,Andrej,Babiš,male
6230,Stanislav Pfléger,Stanislav,Pfléger,male
6218,Martin Lank,Martin,Lank,male
6174,Igor Nykl,Igor,Nykl,male
6137,František Vácha,František,Vácha,male
6234,Karel Pražák,Karel,Pražák,male
5513,Jeroným Tejc,Jeroným,Tejc,male
309,Pavel Kováčik,Pavel,Kováčik,male
6183,Jaroslav Borka,Jaroslav,Borka,male
6178,Jan Bartošek,Jan,Bartošek,male
5461,Milada Halíková,Milada,Halíková,female
6189,Ivana Dobešová,Ivana,Dobešová,female
5987,Jiří Zemánek,Jiří,Zemánek,male
6143,Stanislav Berkovec,Stanislav,Berkovec,male
6168,Helena Válková,Helena,Válková,female
6236,Bronislav Schwarz,Bronislav,Schwarz,male
6222,Jiří Mihola,Jiří,Mihola,male
6145,Milan Šarapatka,Milan,Šarapatka,male
6171,Pavel Plzák,Pavel,Plzák,male
6200,Milan Chovanec,Milan,Chovanec,male
6199,Bohuslav Chalupa,Bohuslav,Chalupa,male
6079,Pavel Blažek,Pavel,Blažek,male
5261,Jiří Dolejš,Jiří,Dolejš,male
5964,Jiří Skalický,Jiří,Skalický,male
237,Bohuslav Sobotka,Bohuslav,Sobotka,male
443,Martin Stropnický,Martin,Stropnický,male
5921,Stanislav Huml,Stanislav,Huml,male
6175,Martin Novotný,Martin,Novotný,male
5402,Vítězslav Jandák,Vítězslav,Jandák,male
401,Miroslava Němcová,Miroslava,Němcová,female
6167,Pavel Volčík,Pavel,Volčík,male
6220,Stanislav Mackovík,Stanislav,Mackovík,male
5272,Václav Votava,Václav,Votava,male
6176,Nina Nováková,Nina,Nováková,female
5938,Květa Matušovská,Květa,Matušovská,female
6280,Martin Plíšek,Martin,Plíšek,male
5273,Jiří Pospíšil,Jiří,Pospíšil,male
6197,Radim Holeček,Radim,Holeček,male
5919,Václav Horáček,Václav,Horáček,male
5279,Jaroslav Krákora,Jaroslav,Krákora,male
6284,Zdeněk Syblík,Zdeněk,Syblík,male
4778,Stanislav Grospič,Stanislav,Grospič,male
6238,Štěpán Stupčuk,Štěpán,Stupčuk,male
6163,Josef Vozdecký,Josef,Vozdecký,male
5700,Ivan Adamec,Ivan,Adamec,male
5891,Pavel Antonín,Pavel,Antonín,male
6166,Jan Volný,Jan,Volný,male
5506,Karel Šidlo,Karel,Šidlo,male
6191,Karel Fiedler,Karel,Fiedler,male
5321,Kateřina Konečná,Kateřina,Konečná,female
6204,Jiří Junek,Jiří,Junek,male
5956,Stanislav Polčák,Stanislav,Polčák,male
6165,Radek Vondráček,Radek,Vondráček,male
6164,Josef Vondrášek,Josef,Vondrášek,male
5342,Robin Böhnisch,Robin,Böhnisch,male
5943,Helena Langšádlová,Helena,Langšádlová,female
303,Vojtěch Filip,Vojtěch,Filip,male
6207,Vít Kaňkovský,Vít,Kaňkovský,male
5558,Karel Schwarzenberg,Karel,Schwarzenberg,male
6139,Josef Hájek,Josef,Hájek,male
6148,Augustin Karel Andrle Sylor,Augustin Karel,Andrle Sylor,male
