id,name,give_name,family_name,group_id,votes
4,Chudoba Lubomír,Chudoba,Lubomír,kdu-csl,yes
3,Choděra Oldřich,Choděra,Oldřich,ods,yes
10,Dušková Jana,Dušková,Jana,ano,yes
6,Neubert Milan,Neubert,Milan,kscm,yes
1,Cabrnochová Ivana,Cabrnochová,Ivana,zeleni,yes
5,Sabongui Renata,Sabongui,Renata,top-09,yes
2,Payne Jiří,Payne,Jiří,svobodni,yes
7,Jánský Pavel,Jánský,Pavel,cs,no
8,Panenka Antonín,Panenka,Antonín,npp10-hpld,no
9,Kos Miroslav,Kos,Miroslav,snop13,no
